{
  "prepare_queue": {
    "installed": [],
    "uninstalled": []
  },
  "config_munge": {
    "files": {
      "res/xml/config.xml": {
        "parents": {
          "/*": [
            {
              "xml": "<feature name=\"Battery\"><param name=\"android-package\" value=\"org.apache.cordova.batterystatus.BatteryListener\" /></feature>",
              "count": 1
            },
            {
              "xml": "<feature name=\"Geolocation\"><param name=\"android-package\" value=\"org.apache.cordova.geolocation.Geolocation\" /></feature>",
              "count": 1
            },
            {
              "xml": "<feature name=\"Camera\"><param name=\"android-package\" value=\"org.apache.cordova.camera.CameraLauncher\" /></feature>",
              "count": 1
            },
            {
              "xml": "<feature name=\"SaveImage\"><param name=\"android-package\" value=\"com.quiply.cordova.saveimage.SaveImage\" /></feature>",
              "count": 1
            },
            {
              "xml": "<feature name=\"File\"><param name=\"android-package\" value=\"org.apache.cordova.file.FileUtils\" /><param name=\"onload\" value=\"true\" /></feature>",
              "count": 1
            },
            {
              "xml": "<allow-navigation href=\"cdvfile:*\" />",
              "count": 1
            },
            {
              "xml": "<feature name=\"PhotoLibrary\"><param name=\"android-package\" value=\"com.terikon.cordova.photolibrary.PhotoLibrary\" /><param name=\"onload\" value=\"true\" /></feature>",
              "count": 1
            },
            {
              "xml": "<allow-navigation href=\"cdvphotolibrary:*\" />",
              "count": 1
            },
            {
              "xml": "<feature name=\"Photos\"><param name=\"android-package\" value=\"com.domax.cordova.Photos\" /></feature>",
              "count": 1
            },
            {
              "xml": "<feature name=\"OneSignalPush\"><param name=\"android-package\" value=\"com.plugin.gcm.OneSignalPush\" /></feature>",
              "count": 1
            },
            {
              "xml": "<feature name=\"Sms\"><param name=\"android-package\" value=\"com.cordova.plugins.sms.Sms\" /></feature>",
              "count": 1
            },
            {
              "xml": "<feature name=\"InAppBrowser\"><param name=\"android-package\" value=\"org.apache.cordova.inappbrowser.InAppBrowser\" /></feature>",
              "count": 1
            }
          ]
        }
      },
      "AndroidManifest.xml": {
        "parents": {
          "/*": [
            {
              "xml": "<uses-permission android:name=\"android.permission.ACCESS_COARSE_LOCATION\" />",
              "count": 1
            },
            {
              "xml": "<uses-permission android:name=\"android.permission.ACCESS_FINE_LOCATION\" />",
              "count": 1
            },
            {
              "xml": "<uses-feature android:name=\"android.hardware.location.gps\" />",
              "count": 1
            },
            {
              "xml": "<uses-permission android:name=\"android.permission.WRITE_EXTERNAL_STORAGE\" />",
              "count": 3
            },
            {
              "xml": "<uses-permission android:name=\"android.permission.BLUETOOTH\" />",
              "count": 1
            },
            {
              "xml": "<uses-permission android:name=\"android.permission.READ_EXTERNAL_STORAGE\" />",
              "count": 2
            },
            {
              "xml": "<uses-permission android:name=\"android.permission.MANAGE_DOCUMENTS\" />",
              "count": 1
            }
          ],
          "application": [
            {
              "xml": "<provider android:authorities=\"${applicationId}.provider\" android:exported=\"false\" android:grantUriPermissions=\"true\" android:name=\"org.apache.cordova.camera.FileProvider\"><meta-data android:name=\"android.support.FILE_PROVIDER_PATHS\" android:resource=\"@xml/camera_provider_paths\" /></provider>",
              "count": 1
            }
          ],
          "/manifest": [
            {
              "xml": "<uses-permission android:name=\"android.permission.VIBRATE\" />",
              "count": 1
            },
            {
              "xml": "<uses-permission android:name=\"com.amazon.device.messaging.permission.RECEIVE\" />",
              "count": 1
            },
            {
              "xml": "<permission android:name=\"com.phonegap.jerylmidtermsapp.permission.RECEIVE_ADM_MESSAGE\" android:protectionLevel=\"signature\" />",
              "count": 1
            },
            {
              "xml": "<uses-permission android:name=\"com.phonegap.jerylmidtermsapp.permission.RECEIVE_ADM_MESSAGE\" />",
              "count": 1
            },
            {
              "xml": "<uses-permission android:name=\"android.permission.SEND_SMS\" />",
              "count": 1
            },
            {
              "xml": "<uses-permission android:name=\"android.permission.READ_PHONE_STATE\" />",
              "count": 1
            },
            {
              "xml": "<uses-feature android:name=\"android.hardware.telephony\" android:required=\"false\" />",
              "count": 1
            }
          ],
          "/manifest/application": [
            {
              "xml": "<amazon:enable-feature android:name=\"com.amazon.device.messaging\" android:required=\"false\" xmlns:amazon=\"http://schemas.amazon.com/apk/res/android\" />",
              "count": 1
            },
            {
              "xml": "<service android:exported=\"false\" android:name=\"com.onesignal.ADMMessageHandler\" />",
              "count": 1
            },
            {
              "xml": "<receiver android:name=\"com.onesignal.ADMMessageHandler$Receiver\" android:permission=\"com.amazon.device.messaging.permission.SEND\"><intent-filter><action android:name=\"com.amazon.device.messaging.intent.REGISTRATION\" /><action android:name=\"com.amazon.device.messaging.intent.RECEIVE\" /><category android:name=\"com.phonegap.jerylmidtermsapp\" /></intent-filter></receiver>",
              "count": 1
            }
          ]
        }
      },
      "config.xml": {
        "parents": {
          "/*": [
            {
              "xml": "<feature name=\"RequestLocationAccuracy\"><param name=\"android-package\" value=\"cordova.plugin.RequestLocationAccuracy\" /></feature>",
              "count": 1
            },
            {
              "xml": "<feature name=\"Diagnostic\"><param name=\"android-package\" value=\"cordova.plugins.Diagnostic\" /><param name=\"onload\" value=\"true\" /></feature>",
              "count": 1
            },
            {
              "xml": "<feature name=\"Diagnostic_Location\"><param name=\"android-package\" value=\"cordova.plugins.Diagnostic_Location\" /><param name=\"onload\" value=\"true\" /></feature>",
              "count": 1
            },
            {
              "xml": "<feature name=\"Diagnostic_Bluetooth\"><param name=\"android-package\" value=\"cordova.plugins.Diagnostic_Bluetooth\" /><param name=\"onload\" value=\"true\" /></feature>",
              "count": 1
            },
            {
              "xml": "<feature name=\"Diagnostic_Wifi\"><param name=\"android-package\" value=\"cordova.plugins.Diagnostic_Wifi\" /><param name=\"onload\" value=\"true\" /></feature>",
              "count": 1
            },
            {
              "xml": "<feature name=\"Diagnostic_Camera\"><param name=\"android-package\" value=\"cordova.plugins.Diagnostic_Camera\" /><param name=\"onload\" value=\"true\" /></feature>",
              "count": 1
            },
            {
              "xml": "<feature name=\"Diagnostic_Notifications\"><param name=\"android-package\" value=\"cordova.plugins.Diagnostic_Notifications\" /><param name=\"onload\" value=\"true\" /></feature>",
              "count": 1
            },
            {
              "xml": "<feature name=\"Diagnostic_NFC\"><param name=\"android-package\" value=\"cordova.plugins.Diagnostic_NFC\" /><param name=\"onload\" value=\"true\" /></feature>",
              "count": 1
            },
            {
              "xml": "<feature name=\"Diagnostic_External_Storage\"><param name=\"android-package\" value=\"cordova.plugins.Diagnostic_External_Storage\" /><param name=\"onload\" value=\"true\" /></feature>",
              "count": 1
            }
          ]
        }
      }
    }
  },
  "installed_plugins": {
    "cordova-plugin-battery-status": {
      "PACKAGE_NAME": "com.phonegap.helloworld"
    },
    "cordova-plugin-geolocation": {
      "PACKAGE_NAME": "com.phonegap.helloworld"
    },
    "cordova-plugin-camera": {
      "PACKAGE_NAME": "com.phonegap.helloworld"
    },
    "cordova-plugin-vibration": {
      "PACKAGE_NAME": "com.phonegap.helloworld"
    },
    "cordova-plugin-request-location-accuracy": {
      "PACKAGE_NAME": "com.phonegap.jerylmidtermsapp"
    },
    "cordova.plugins.diagnostic": {
      "PACKAGE_NAME": "com.phonegap.jerylmidtermsapp"
    },
    "cordova-plugin-save-image": {
      "PACKAGE_NAME": "com.phonegap.jerylmidtermsapp"
    },
    "cordova-plugin-file": {
      "PACKAGE_NAME": "com.phonegap.jerylmidtermsapp"
    },
    "cordova-plugin-photo-library": {
      "PACKAGE_NAME": "com.phonegap.jerylmidtermsapp"
    },
    "cordova-plugin-photos": {
      "PACKAGE_NAME": "com.phonegap.jerylmidtermsapp"
    },
    "onesignal-cordova-plugin": {
      "PACKAGE_NAME": "com.phonegap.jerylmidtermsapp"
    },
    "cordova-sms-plugin": {
      "PACKAGE_NAME": "com.phonegap.jerylmidtermsapp"
    },
    "cordova-plugin-inappbrowser": {
      "PACKAGE_NAME": "com.phonegap.jerylmidtermsapp"
    }
  },
  "dependent_plugins": {},
  "modules": [
    {
      "id": "cordova-plugin-battery-status.battery",
      "file": "plugins/cordova-plugin-battery-status/www/battery.js",
      "pluginId": "cordova-plugin-battery-status",
      "clobbers": [
        "navigator.battery"
      ]
    },
    {
      "id": "cordova-plugin-geolocation.geolocation",
      "file": "plugins/cordova-plugin-geolocation/www/android/geolocation.js",
      "pluginId": "cordova-plugin-geolocation",
      "clobbers": [
        "navigator.geolocation"
      ]
    },
    {
      "id": "cordova-plugin-geolocation.PositionError",
      "file": "plugins/cordova-plugin-geolocation/www/PositionError.js",
      "pluginId": "cordova-plugin-geolocation",
      "runs": true
    },
    {
      "id": "cordova-plugin-camera.Camera",
      "file": "plugins/cordova-plugin-camera/www/CameraConstants.js",
      "pluginId": "cordova-plugin-camera",
      "clobbers": [
        "Camera"
      ]
    },
    {
      "id": "cordova-plugin-camera.CameraPopoverOptions",
      "file": "plugins/cordova-plugin-camera/www/CameraPopoverOptions.js",
      "pluginId": "cordova-plugin-camera",
      "clobbers": [
        "CameraPopoverOptions"
      ]
    },
    {
      "id": "cordova-plugin-camera.camera",
      "file": "plugins/cordova-plugin-camera/www/Camera.js",
      "pluginId": "cordova-plugin-camera",
      "clobbers": [
        "navigator.camera"
      ]
    },
    {
      "id": "cordova-plugin-camera.CameraPopoverHandle",
      "file": "plugins/cordova-plugin-camera/www/CameraPopoverHandle.js",
      "pluginId": "cordova-plugin-camera",
      "clobbers": [
        "CameraPopoverHandle"
      ]
    },
    {
      "id": "cordova-plugin-request-location-accuracy.RequestLocationAccuracy",
      "file": "plugins/cordova-plugin-request-location-accuracy/www/android/RequestLocationAccuracy.js",
      "pluginId": "cordova-plugin-request-location-accuracy",
      "clobbers": [
        "cordova.plugins.locationAccuracy"
      ]
    },
    {
      "id": "cordova.plugins.diagnostic.Diagnostic",
      "file": "plugins/cordova.plugins.diagnostic/www/android/diagnostic.js",
      "pluginId": "cordova.plugins.diagnostic",
      "merges": [
        "cordova.plugins.diagnostic"
      ]
    },
    {
      "id": "cordova.plugins.diagnostic.Diagnostic_Location",
      "file": "plugins/cordova.plugins.diagnostic/www/android/diagnostic.location.js",
      "pluginId": "cordova.plugins.diagnostic",
      "merges": [
        "cordova.plugins.diagnostic.location"
      ]
    },
    {
      "id": "cordova.plugins.diagnostic.Diagnostic_Bluetooth",
      "file": "plugins/cordova.plugins.diagnostic/www/android/diagnostic.bluetooth.js",
      "pluginId": "cordova.plugins.diagnostic",
      "merges": [
        "cordova.plugins.diagnostic.bluetooth"
      ]
    },
    {
      "id": "cordova.plugins.diagnostic.Diagnostic_Wifi",
      "file": "plugins/cordova.plugins.diagnostic/www/android/diagnostic.wifi.js",
      "pluginId": "cordova.plugins.diagnostic",
      "merges": [
        "cordova.plugins.diagnostic.wifi"
      ]
    },
    {
      "id": "cordova.plugins.diagnostic.Diagnostic_Camera",
      "file": "plugins/cordova.plugins.diagnostic/www/android/diagnostic.camera.js",
      "pluginId": "cordova.plugins.diagnostic",
      "merges": [
        "cordova.plugins.diagnostic.camera"
      ]
    },
    {
      "id": "cordova.plugins.diagnostic.Diagnostic_Notifications",
      "file": "plugins/cordova.plugins.diagnostic/www/android/diagnostic.notifications.js",
      "pluginId": "cordova.plugins.diagnostic",
      "merges": [
        "cordova.plugins.diagnostic.notifications"
      ]
    },
    {
      "id": "cordova.plugins.diagnostic.Diagnostic_Microphone",
      "file": "plugins/cordova.plugins.diagnostic/www/android/diagnostic.microphone.js",
      "pluginId": "cordova.plugins.diagnostic",
      "merges": [
        "cordova.plugins.diagnostic.microphone"
      ]
    },
    {
      "id": "cordova.plugins.diagnostic.Diagnostic_Contacts",
      "file": "plugins/cordova.plugins.diagnostic/www/android/diagnostic.contacts.js",
      "pluginId": "cordova.plugins.diagnostic",
      "merges": [
        "cordova.plugins.diagnostic.contacts"
      ]
    },
    {
      "id": "cordova.plugins.diagnostic.Diagnostic_Calendar",
      "file": "plugins/cordova.plugins.diagnostic/www/android/diagnostic.calendar.js",
      "pluginId": "cordova.plugins.diagnostic",
      "merges": [
        "cordova.plugins.diagnostic.calendar"
      ]
    },
    {
      "id": "cordova.plugins.diagnostic.Diagnostic_NFC",
      "file": "plugins/cordova.plugins.diagnostic/www/android/diagnostic.nfc.js",
      "pluginId": "cordova.plugins.diagnostic",
      "merges": [
        "cordova.plugins.diagnostic.nfc"
      ]
    },
    {
      "id": "cordova.plugins.diagnostic.Diagnostic_External_Storage",
      "file": "plugins/cordova.plugins.diagnostic/www/android/diagnostic.external_storage.js",
      "pluginId": "cordova.plugins.diagnostic",
      "merges": [
        "cordova.plugins.diagnostic.external_storage"
      ]
    },
    {
      "id": "cordova-plugin-save-image.SaveImage",
      "file": "plugins/cordova-plugin-save-image/www/SaveImage.js",
      "pluginId": "cordova-plugin-save-image",
      "clobbers": [
        "cordova.plugins.imagesaver"
      ]
    },
    {
      "id": "cordova-plugin-file.DirectoryEntry",
      "file": "plugins/cordova-plugin-file/www/DirectoryEntry.js",
      "pluginId": "cordova-plugin-file",
      "clobbers": [
        "window.DirectoryEntry"
      ]
    },
    {
      "id": "cordova-plugin-file.DirectoryReader",
      "file": "plugins/cordova-plugin-file/www/DirectoryReader.js",
      "pluginId": "cordova-plugin-file",
      "clobbers": [
        "window.DirectoryReader"
      ]
    },
    {
      "id": "cordova-plugin-file.Entry",
      "file": "plugins/cordova-plugin-file/www/Entry.js",
      "pluginId": "cordova-plugin-file",
      "clobbers": [
        "window.Entry"
      ]
    },
    {
      "id": "cordova-plugin-file.File",
      "file": "plugins/cordova-plugin-file/www/File.js",
      "pluginId": "cordova-plugin-file",
      "clobbers": [
        "window.File"
      ]
    },
    {
      "id": "cordova-plugin-file.FileEntry",
      "file": "plugins/cordova-plugin-file/www/FileEntry.js",
      "pluginId": "cordova-plugin-file",
      "clobbers": [
        "window.FileEntry"
      ]
    },
    {
      "id": "cordova-plugin-file.FileError",
      "file": "plugins/cordova-plugin-file/www/FileError.js",
      "pluginId": "cordova-plugin-file",
      "clobbers": [
        "window.FileError"
      ]
    },
    {
      "id": "cordova-plugin-file.FileReader",
      "file": "plugins/cordova-plugin-file/www/FileReader.js",
      "pluginId": "cordova-plugin-file",
      "clobbers": [
        "window.FileReader"
      ]
    },
    {
      "id": "cordova-plugin-file.FileSystem",
      "file": "plugins/cordova-plugin-file/www/FileSystem.js",
      "pluginId": "cordova-plugin-file",
      "clobbers": [
        "window.FileSystem"
      ]
    },
    {
      "id": "cordova-plugin-file.FileUploadOptions",
      "file": "plugins/cordova-plugin-file/www/FileUploadOptions.js",
      "pluginId": "cordova-plugin-file",
      "clobbers": [
        "window.FileUploadOptions"
      ]
    },
    {
      "id": "cordova-plugin-file.FileUploadResult",
      "file": "plugins/cordova-plugin-file/www/FileUploadResult.js",
      "pluginId": "cordova-plugin-file",
      "clobbers": [
        "window.FileUploadResult"
      ]
    },
    {
      "id": "cordova-plugin-file.FileWriter",
      "file": "plugins/cordova-plugin-file/www/FileWriter.js",
      "pluginId": "cordova-plugin-file",
      "clobbers": [
        "window.FileWriter"
      ]
    },
    {
      "id": "cordova-plugin-file.Flags",
      "file": "plugins/cordova-plugin-file/www/Flags.js",
      "pluginId": "cordova-plugin-file",
      "clobbers": [
        "window.Flags"
      ]
    },
    {
      "id": "cordova-plugin-file.LocalFileSystem",
      "file": "plugins/cordova-plugin-file/www/LocalFileSystem.js",
      "pluginId": "cordova-plugin-file",
      "clobbers": [
        "window.LocalFileSystem"
      ],
      "merges": [
        "window"
      ]
    },
    {
      "id": "cordova-plugin-file.Metadata",
      "file": "plugins/cordova-plugin-file/www/Metadata.js",
      "pluginId": "cordova-plugin-file",
      "clobbers": [
        "window.Metadata"
      ]
    },
    {
      "id": "cordova-plugin-file.ProgressEvent",
      "file": "plugins/cordova-plugin-file/www/ProgressEvent.js",
      "pluginId": "cordova-plugin-file",
      "clobbers": [
        "window.ProgressEvent"
      ]
    },
    {
      "id": "cordova-plugin-file.fileSystems",
      "file": "plugins/cordova-plugin-file/www/fileSystems.js",
      "pluginId": "cordova-plugin-file"
    },
    {
      "id": "cordova-plugin-file.requestFileSystem",
      "file": "plugins/cordova-plugin-file/www/requestFileSystem.js",
      "pluginId": "cordova-plugin-file",
      "clobbers": [
        "window.requestFileSystem"
      ]
    },
    {
      "id": "cordova-plugin-file.resolveLocalFileSystemURI",
      "file": "plugins/cordova-plugin-file/www/resolveLocalFileSystemURI.js",
      "pluginId": "cordova-plugin-file",
      "merges": [
        "window"
      ]
    },
    {
      "id": "cordova-plugin-file.isChrome",
      "file": "plugins/cordova-plugin-file/www/browser/isChrome.js",
      "pluginId": "cordova-plugin-file",
      "runs": true
    },
    {
      "id": "cordova-plugin-file.androidFileSystem",
      "file": "plugins/cordova-plugin-file/www/android/FileSystem.js",
      "pluginId": "cordova-plugin-file",
      "merges": [
        "FileSystem"
      ]
    },
    {
      "id": "cordova-plugin-file.fileSystems-roots",
      "file": "plugins/cordova-plugin-file/www/fileSystems-roots.js",
      "pluginId": "cordova-plugin-file",
      "runs": true
    },
    {
      "id": "cordova-plugin-file.fileSystemPaths",
      "file": "plugins/cordova-plugin-file/www/fileSystemPaths.js",
      "pluginId": "cordova-plugin-file",
      "merges": [
        "cordova"
      ],
      "runs": true
    },
    {
      "id": "cordova-plugin-photo-library.PhotoLibrary",
      "file": "plugins/cordova-plugin-photo-library/www/PhotoLibrary.js",
      "pluginId": "cordova-plugin-photo-library",
      "clobbers": [
        "cordova.plugins.photoLibrary"
      ]
    },
    {
      "id": "cordova-plugin-photo-library.async",
      "file": "plugins/cordova-plugin-photo-library/www/async/dist/async.min.js",
      "pluginId": "cordova-plugin-photo-library"
    },
    {
      "id": "cordova-plugin-photo-library.async_map",
      "file": "plugins/cordova-plugin-photo-library/www/async/dist/async.min.map",
      "pluginId": "cordova-plugin-photo-library"
    },
    {
      "id": "cordova-plugin-photos.Photos",
      "file": "plugins/cordova-plugin-photos/www/Photos.js",
      "pluginId": "cordova-plugin-photos",
      "clobbers": [
        "Photos"
      ]
    },
    {
      "id": "onesignal-cordova-plugin.OneSignal",
      "file": "plugins/onesignal-cordova-plugin/www/OneSignal.js",
      "pluginId": "onesignal-cordova-plugin",
      "clobbers": [
        "OneSignal"
      ]
    },
    {
      "id": "cordova-sms-plugin.Sms",
      "file": "plugins/cordova-sms-plugin/www/sms.js",
      "pluginId": "cordova-sms-plugin",
      "clobbers": [
        "window.sms"
      ]
    },
    {
      "id": "cordova-plugin-inappbrowser.inappbrowser",
      "file": "plugins/cordova-plugin-inappbrowser/www/inappbrowser.js",
      "pluginId": "cordova-plugin-inappbrowser",
      "clobbers": [
        "cordova.InAppBrowser.open",
        "window.open"
      ]
    }
  ],
  "plugin_metadata": {
    "cordova-plugin-battery-status": "2.0.2",
    "cordova-plugin-geolocation": "4.0.1",
    "cordova-plugin-camera": "4.0.3",
    "cordova-plugin-vibration": "3.1.0",
    "cordova-plugin-request-location-accuracy": "2.2.3",
    "cordova.plugins.diagnostic": "4.0.10",
    "cordova-plugin-save-image": "0.3.0",
    "cordova-plugin-file": "5.0.0",
    "cordova-plugin-photo-library": "2.1.1",
    "cordova-plugin-photos": "1.0.8",
    "onesignal-cordova-plugin": "2.4.5",
    "cordova-sms-plugin": "0.1.13",
    "cordova-plugin-inappbrowser": "3.0.0"
  }
}